Stand_name,CAOV,ACRU,FAGR,FRAM,QURU,ACSA,BEAL,FRNI,BEPA,ACPE,OSVI,TIAM,TSCA,BENI,PRSE,PRPE,ROPS,PODE,ABBA,POTR,PIRU,UNK,BELE,ULSP,PIST,CACA,BEPO,ULAM,HAVI,CACO,BESP,ACER,THOC,ULRU,POGR,PISP
Algonquin State Forest stand 1-14,0.41282491,2.75579035,5.866345049,16.09415336,5.016485332,5.970866819,0,0,0,0,0,0,0,0,0,0,0,0,0,0,0,0,0,0,0,0,0,0,0,0,0,0,0,0,0,0
Alpaca stand 66-30,0,0,0,7.473367867,0,6.564073143,3.558727436,0,0,0,0,0,0,0,0,0,0,0,0,0,0,0,0,0,0,0,0,0,0,0,0,0,0,0,0,0
Balance Rock State Park,0,6.340327932,0.835349487,11.72243084,1.771745356,7.060901295,0.263918327,0.14522012,1.176919148,0.112410112,0.348800233,0.572967595,0.202284206,1.486375842,6.028249972,0,0,0,0,0,0,0,0,0,0,0,0,0,0,0,0,0,0,0,0,0
Camel's Hump SP stand 1-3-8,0,0,0.538073477,6.098762598,0,11.74812317,0.742204069,0,0,0.109966963,0,0.371650411,0,0,0,0,0,0,0,0,0,0,0,0,0,0,0,0,0,0,0,0,0,0,0,0
Camel's Hump SP stand 1-4-5,0,0.496391274,0.251322504,18.81776693,0,12.88658235,3.01276772,0,0,0,0,0.825158945,0,0,1.27376365,0,0,0,0,0,0,0,0,0,0,0,0,0,0,0,0,0,0,0,0,0
Camel's Hump SP stand 2-2-14,0,0.051070516,7.19299054,11.77879788,0,10.62689366,0.850625481,0,2.07769721,0.051070516,1.429459019,0,0,0,0,0.125663706,0,0,0,0,0,0,0,0,0,0,0,0,0,0,0,0,0,0,0,0
Camel's Hump SP stand 2-2-4,0,0,0.105727683,3.350534745,0,11.43441878,0.495196815,0,0,0.057887117,0.066919196,0,0,0,0,0,1.018936307,0.747712142,0,0,0,0,0,0,0,0,0,0,0,0,0,0,0,0,0,0
Camel's Hump SP stand 2-3-1,0,1.601333589,1.793137638,17.21134789,0.066051986,10.94808715,1.564454237,0,0,0,0.135265199,0,0,0,0.443882498,0,0,0,0,0,0,0,0,0,0,0,0,0,0,0,0,0,0,0,0,0
Cardigan Mountain State Forest comp 1 stand 1,0,3.79101876,0,14.07358405,0,10.66210895,0.264207942,0,1.704142209,0,0,0.171658586,0,0,0,0,0,0,2.458757673,0.781476081,1.387985087,0,0,0,0,0,0,0,0,0,0,0,0,0,0,0
Cardigan Mountain State Forest comp 6 stand 2,0,3.352737132,1.914412932,9.183371109,0,9.669444215,0,0,4.244689283,0.341790554,0,0,0,0,0,0,0,0,0.705081384,0,1.748743007,0.493274225,0,0,0,0,0,0,0,0,0,0,0,0,0,0
Clam Dam unit 1,0,1.504606897,0.071680672,5.898091498,0,9.054479089,0.090176799,0,0,0,0,0,1.894815612,0,0,0,0,0,0,0,0,0,1.07240556,0,0,0,0,0,0,0,0,0,0,0,0,0
Clam Dam unit 3,0,2.898850625,2.325357795,16.61678184,0,11.1916244,0.682947882,0,0,0,0.093482016,0.222704558,1.187409122,0.45963464,4.027727949,0,0,0,0,0,0,0,0,0.057255526,0,0,0,0,0,0,0,0,0,0,0,0
Clements Woodlot East,0,0,3.077916497,18.47539715,0,11.03286597,0,0,0,0,1.604524269,0.368528453,0.101787602,0,0,0,0,0,0,0,0,0,0,0,0,0,0,0,0,0,0,0,0,0,0,0
Cook Brook stand 62-6,0,0,1.455954753,5.37005195,0,8.759640619,0.794551324,0,0,0.044797148,0,0,0.265808191,0,0,0,0,0,0,0,0.337960102,0,0,0,0,0,0,0,0,0,0,0,0,0,0,0
County Rd ash salvage,0,2.129855829,0.04712389,0.8265563,2.536574268,7.680994416,1.337084741,0,0.036769724,0,0,0,0,0,3.127062788,0,0,0,1.502587769,0,0,0,0,0,0.382763795,0.037466765,0,0,0,0,0,0,0,0,0,0
Dennis Hill State Park stand 1,0,2.476383317,0.063227825,4.538577094,0.757127102,5.417925241,0.555145602,0,0,0.036769724,0,0,0,0,4.663007071,0,0,0,0,0,0,0,0,0,0.766600967,0,0,0,0,0,0,0,0,0,0,0
Groton State Forest stand 3-9-6,0,0.409315863,0.755861582,6.258784669,0,11.71943089,0,0,0,0,0,0,0,0,0.471519397,0,0,0,0,0,0,0,0,0,0,0,0,0,0,0,0,0,0,0,0,0
Haystack Mountain State Park,0,4.281475369,0.713259342,20.0396354,6.920962977,7.088282238,0,0,0,0,0,0,0,0,0.686614709,0,0,0,0,0,0,0,0,0,1.098227161,0,0.790630879,0,0,0,0,0,0,0,0,0
Heaphy Richardson Lot,0,3.652130912,2.420878574,0.683456754,2.717893252,1.048643993,0.677487728,0,0,0.100910574,0,0,0,0,0,0,0,0,0,0,0,0,0,0,0,0,0,0,0,0,0,0,0,0,0,0
Hill Roberts property,0,0.237787148,2.006690344,4.033537932,0,8.15668194,2.670526543,0,1.294302794,0.422826955,1.361505388,0,0,0,0,0,0,0,0,0,0.68921045,0.220353272,0,0,0,0,0,0.112156821,0,0,0,0,0,0,0,0
Holbrook State Park stand 1-1-8,0,0,0.861405071,11.64445552,0,16.56526954,2.816212012,0,0.512123781,0,0,0,0,0,0,0,0,0,0.352751768,0.321699088,0,0,0,0,0,0,0,0,0,0,0,0,0,0,0,0
Housatonic State Forest stand 16-1,0,0.837679501,0,2.1914245,0,8.808462932,0,0,0,0,0.079639374,0,0,0,0,0,0,0,0,0,0,0,0,0,0,0,0,0,0.044034657,0.099077978,0,0,0,0,0,0
Jason Mills property stand 1,0,0.289856101,0,9.240582456,0,13.67717396,1.511744202,0,2.368476154,0.052076807,0,0,0,0,0,0,0,0,0,0,0,0,0,0,0,0,0,0,0,0,0,0,0,0,0,0
Jason Mills property stand 3,0,0,2.327709081,9.669257683,0,12.50958633,0.336955447,0,0,0,0.068349275,0,0,0,0,0,0,0,0,0,0,0,0,0,0,0,0,0,0,0,0,0,0,0,0,0
Jason Mills property stand 7,0,0,0.33367641,6.942728324,0,18.11832569,1.080747143,0,0,0,0,0,0,0,0,0,0,0,0,0,0,0.055154586,0,0,0,0,0,0,0,0,0,0,0,0,0,0
Joe Nelson property,0,0,0,10.02388459,0,5.852193156,1.002334954,5.620431976,0,0,0.157398701,5.544621418,0,0,0.903409146,0,0,0,0,0,0,0,0,0,0,0,0,1.183359413,0,0,0,0,0,0,0,0
Kearsarge Mountain State Forest comp 4 stand 26,0,0,2.670888808,10.31906176,0,11.41877627,4.466328645,0,0.77366137,0.051070516,0,0,0,0,0,0,0,0,0,0,0.421802992,0,0,0,0,0,0,0,0,0,0,0,0,0,0,0
Long Pond harvested,0,0,0,3.792324484,0,16.54500136,1.244738279,0,0,0.052782029,0.227143694,0.365066156,0,0,0.580019816,0,0,0,0,0,0,0,0,0,0,0,0,0,0,0,0,0,0,0,0,0
Long Pond unharvested,0,0,0.486578706,11.53155945,0,20.53271818,6.144670524,0,0,0,0.299403597,0,0,0,0,0,0,0,0,0,0,0,0,0,0,0,0,0,0,0,0,0,0,0,0,0
Mad Tom stand 58-14,0,0,1.647657355,4.278299415,0,4.912799684,3.02445379,0,0,0,0,0,0,0,0.779553492,0,0,0,0,0,0,0,0,0,0,0,0,0,0,0,0,0,0,0,0,0
Mathewson State Forest stand 3-1-11,0,0.868095681,0,6.924099661,0,10.09222405,0.858494189,0,0.542523599,0.179910176,0,0,0,0,0.918626236,0.066051986,0,0,0.146010427,0.998250883,0.212371663,0,0,0,2.503702083,0,0,0,0,0,0.092132113,0,0,0,0,0
Mud Pond 2013-14,0,0,0.33051191,8.126305357,0,8.136594073,1.532135102,0,0,0.036079228,0,0,0,0,0.124017642,0,0,0,0,0,0,3.568993244,0,0,0,0,0,0,0,0,0,0.212057504,0,0,0,0
Mud Pond 2019,0,0.483089995,0.610144978,1.992330741,0,6.052109948,5.517963462,0.073614248,0,0.179707515,0.21376855,0.063112352,0,0,0.296790746,0,0,0,0.145915759,0,0.136159992,0,0,0,0,0,0,0,0,0,0,0,0.188161765,0,0,0
Mud Pond unharvested,0,0,0.499518141,12.48764427,0,27.64485689,0.438846133,0,0,0.120995496,0,0,0,0,0,0,0,0,0,0,0,0,0,0,0,0,0,0,0,0,0,0,0,0,0,0
Potter Mtn Rd. Hancock Unit,0,0,0.290397698,6.538344808,0,10.35676087,2.685453035,0,0,0.040320378,0.54427111,0.462651878,0,0,0.748589169,0,0,0,0,0,0,0,0,0,0,0,0,0,0,0,0,0,0,0,0,0
Roaring Brook stand 125-5,0,0,1.335746291,11.25953679,0,18.61484459,3.389832469,0,0,0.075476764,0,0,0,0,1.295563358,0,0,0,3.182418632,0,0,0,0,0,0,0,0,0,0,0,0,0,0,0,0,0
Roaring Brook stand 125-6,0,1.710435212,2.284148935,23.95179692,0,7.592223152,6.909182005,0,1.149258406,0,0,0,0,0,1.770797969,0,0,0,0,0,0,0,0,0,0,0,0,0,0,0,0,0,0,0,0,0
Schoolhouse Lot BB stand,0,0,1.681344391,0.302430653,0,11.33625056,0.360687562,0,0,0,0,0,0,0,1.336227348,0,0,0,0,0,0,0,0,0,0,0,0,0,0,0,0,0,0,0,0,0
Shaker State Forest,0,3.298074823,0.777782606,1.617552762,8.65960941,1.260277943,0,0,0,0,0.075580548,1.403663598,1.977980395,0,0,0,0,0,0,0,0,0,0.347549907,0,0.531406007,0,0,0,0,0,0,0,0,0.047404389,0.373695251,0
Sherlock Lot 2014,0,0,2.506987665,1.859678861,0,10.01285793,0.204075895,0,0,0,0,0,0,0,0,0,0,0,0,0,0,0,0,0,0,0,0,0,0,0,0,0,0,0,0,0
Sherlock Lot 2017,0,2.796367618,2.275026862,0.392558365,0,2.645823153,6.127722286,0,0.161281513,0.035395277,0,0,0,0,0.188495559,0,0,0,0,0,0,0,0,0,0,0,0,0,0,0,0,0,0,0,0,0.038170351
Stoner Woodlot,0,0.69653527,0,8.474951783,0,17.27648194,2.500157974,0,0,0,0,0,0,0,0,0,0,0,0,0.447696588,0,0,0,0,0,0,0,0,0,0,0,0,0,0,0,0
Sunnyside stand 63-49,0,0,0.362883404,2.564377363,0,6.266515231,1.792105167,0,0.365399951,0,0,0,0,0,0,0,0,0,0,0,0,0,0,0,0,0,0,0,0,0,0,0,0,0,0,0
Tunxis State Forest stand 49,0,4.84364374,0.166209886,17.74722506,5.549991578,8.325971569,0,0,0,0.052076807,0.108978904,0,0,0,0,0,0,0,0,0,0,0,0,0,0,0,0,0,0,0,0,0,0,0,0,0
York Lake stand 2,0,3.506894429,0.177774874,6.81555109,1.573473226,9.290173806,0.039597157,0,0,0,0,0,0,0,2.239867205,0,0,0,0,0,0,0,0,0,3.310989947,0,0,0,0,0,0,0,0,0,0,0
