Stand_code,FRAM,FAGR,CAOV,QURU,ACSA,ACRU,OSVI,PRSE,FRNI,TIAM,TSCA,ACPE,BENI,BEPA,BEAL,PRPE,ROPS,PODE,POTR,ABBA,PIRU,UNK,PIST,BEPO,ULAM,CACO,HAVI,ACER,THOC,BESP,CACA,PISP,BELE,ULSP,ULRU,POGR
ASF114,16.09415336,5.866345049,0.41282491,5.016485332,5.970866819,2.75579035,0.672271375,0,0,0,0,0,0,0,0,0,0,0,0,0,0,0,0,0,0,0,0,0,0,0,0,0,0,0,0,0
BRSP,11.72243084,0.835349487,0,1.771745356,7.060901295,6.340327932,0.348800233,6.028249972,0.14522012,0.572967595,0.202284206,0.112410112,1.486375842,1.176919148,0.263918327,0,0,0,0,0,0,0,0,0,0,0,0,0,0,0,0,0,0,0,0,0
CH138,6.098762598,0.538073477,0,0,11.74812317,0,0,0,0,0.371650411,0,0.109966963,0,0,0.742204069,0,0,0,0,0,0,0,0,0,0,0,0,0,0,0,0,0,0,0,0,0
CH145,18.81776693,0.251322504,0,0,12.88658235,0.496391274,0,1.27376365,0,0.825158945,0,0,0,0,3.01276772,0,0,0,0,0,0,0,0,0,0,0,0,0,0,0,0,0,0,0,0,0
CH2214,11.77879788,7.19299054,0,0,10.62689366,0.051070516,1.429459019,0,0,0,0,0.051070516,0,2.07769721,0.850625481,0.125663706,0,0,0,0,0,0,0,0,0,0,0,0,0,0,0,0,0,0,0,0
CH224,3.350534745,0.105727683,0,0,11.43441878,0,0.066919196,0,0,0,0,0.057887117,0,0,0.495196815,0,1.018936307,0.747712142,0,0,0,0,0,0,0,0,0,0,0,0,0,0,0,0,0,0
CH231,17.21134789,1.793137638,0,0.066051986,10.94808715,1.601333589,0.135265199,0.443882498,0,0,0,0,0,0,1.564454237,0,0,0,0,0,0,0,0,0,0,0,0,0,0,0,0,0,0,0,0,0
CMSF11,14.07358405,0,0,0,10.66210895,3.79101876,0,0,0,0.171658586,0,0,0,1.704142209,0.264207942,0,0,0,0.781476081,2.458757673,1.387985087,0,0,0,0,0,0,0,0,0,0,0,0,0,0,0
CMSF62,9.183371109,1.914412932,0,0,9.669444215,3.352737132,0,0,0,0,0,0.341790554,0,4.244689283,0,0,0,0,0,0.705081384,1.748743007,0.493274225,0,0,0,0,0,0,0,0,0,0,0,0,0,0
CWE,18.47539715,3.077916497,0,0,11.03286597,0,1.604524269,0,0,0.368528453,0.101787602,0,0,0,0,0,0,0,0,0,0,0,0,0,0,0,0,0,0,0,0,0,0,0,0,0
DHSP,4.538577094,0.063227825,0,0.757127102,5.417925241,2.476383317,0,4.663007071,0,0,0,0.036769724,0,0,0.555145602,0,0,0,0,0,0,0,0.766600967,0,0,0,0,0,0,0,0,0,0,0,0,0
GMA,7.473367867,0,0,0,6.564073143,0,0,0,0,0,0,0,0,0,3.558727436,0,0,0,0,0,0,0,0,0,0,0,0,0,0,0,0,0,0,0,0,0
GMCB,5.37005195,1.455954753,0,0,8.759640619,0,0,0,0,0,0.265808191,0.044797148,0,0,0.794551324,0,0,0,0,0,0.337960102,0,0,0,0,0,0,0,0,0,0,0,0,0,0,0
GMMT,4.278299415,1.647657355,0,0,4.912799684,0,0,0.779553492,0,0,0,0,0,0,3.02445379,0,0,0,0,0,0,0,0,0,0,0,0,0,0,0,0,0,0,0,0,0
GMRB5,11.25953679,1.335746291,0,0,18.61484459,0,0,1.295563358,0,0,0,0.075476764,0,0,3.389832469,0,0,0,0,3.182418632,0,0,0,0,0,0,0,0,0,0,0,0,0,0,0,0
GMRB6,23.95179692,2.284148935,0,0,7.592223152,1.710435212,0,1.770797969,0,0,0,0,0,1.149258406,6.909182005,0,0,0,0,0,0,0,0,0,0,0,0,0,0,0,0,0,0,0,0,0
GMSS,2.564377363,0.362883404,0,0,6.266515231,0,0,0,0,0,0,0,0,0.365399951,1.792105167,0,0,0,0,0,0,0,0,0,0,0,0,0,0,0,0,0,0,0,0,0
GSF396,6.258784669,0.755861582,0,0,11.71943089,0.409315863,0,0.471519397,0,0,0,0,0,0,0,0,0,0,0,0,0,0,0,0,0,0,0,0,0,0,0,0,0,0,0,0
HMSP,20.0396354,0.713259342,0,6.920962977,7.088282238,4.281475369,0,0.686614709,0,0,0,0,0,0,0,0,0,0,0,0,0,0,1.098227161,0.790630879,0,0,0,0,0,0,0,0,0,0,0,0
HR,4.033537932,2.006690344,0,0,8.15668194,0.237787148,1.361505388,0,0,0,0,0.422826955,0,1.294302794,2.670526543,0,0,0,0,0,0.68921045,0.220353272,0,0,0.112156821,0,0,0,0,0,0,0,0,0,0,0
HSF161,2.1914245,0,0,0,8.808462932,0.837679501,0.079639374,0,0,0,0,0,0,0,0,0,0,0,0,0,0,0,0,0,0,0.099077978,0.044034657,0,0,0,0,0,0,0,0,0
HSP118,11.64445552,0.861405071,0,0,16.56526954,0,0,0,0,0,0,0,0,0.512123781,2.816212012,0,0,0,0.321699088,0.352751768,0,0,0,0,0,0,0,0,0,0,0,0,0,0,0,0
JMP1,9.240582456,0,0,0,13.67717396,0.289856101,0,0,0,0,0,0.052076807,0,2.368476154,1.511744202,0,0,0,0,0,0,0,0,0,0,0,0,0,0,0,0,0,0,0,0,0
JMP3,9.669257683,2.327709081,0,0,12.50958633,0,0.068349275,0,0,0,0,0,0,0,0.336955447,0,0,0,0,0,0,0,0,0,0,0,0,0,0,0,0,0,0,0,0,0
JMP7,6.942728324,0.33367641,0,0,18.11832569,0,0,0,0,0,0,0,0,0,1.080747143,0,0,0,0,0,0,0.055154586,0,0,0,0,0,0,0,0,0,0,0,0,0,0
JNP,10.02388459,0,0,0,5.852193156,0,0.157398701,0.903409146,5.620431976,5.544621418,0,0,0,0,1.002334954,0,0,0,0,0,0,0,0,0,1.183359413,0,0,0,0,0,0,0,0,0,0,0
KMSF,10.31906176,2.670888808,0,0,11.41877627,0,0,0,0,0,0,0.051070516,0,0.77366137,4.466328645,0,0,0,0,0,0.421802992,0,0,0,0,0,0,0,0,0,0,0,0,0,0,0
MP,12.48764427,0.499518141,0,0,27.64485689,0,0,0,0,0,0,0.120995496,0,0,0.438846133,0,0,0,0,0,0,0,0,0,0,0,0,0,0,0,0,0,0,0,0,0
MP1314,8.126305357,0.33051191,0,0,8.136594073,0,0,0.124017642,0,0,0,0.036079228,0,0,1.532135102,0,0,0,0,0,0,3.568993244,0,0,0,0,0,0.212057504,0,0,0,0,0,0,0,0
MP19,1.992330741,0.610144978,0,0,6.052109948,0.483089995,0.21376855,0.296790746,0.073614248,0.063112352,0,0.179707515,0,0,5.517963462,0,0,0,0,0.145915759,0.136159992,0,0,0,0,0,0,0,0.188161765,0,0,0,0,0,0,0
MSF3111,6.924099661,0,0,0,10.09222405,0.868095681,0,0.918626236,0,0,0,0.179910176,0,0.542523599,0.858494189,0.066051986,0,0,0.998250883,0.146010427,0.212371663,0,2.503702083,0,0,0,0,0,0,0.092132113,0,0,0,0,0,0
OMSFCR,0.8265563,0.04712389,0,2.536574268,7.680994416,2.129855829,0,3.127062788,0,0,0,0,0,0.036769724,1.337084741,0,0,0,0,1.502587769,0,0,0.382763795,0,0,0,0,0,0,0,0.037466765,0,0,0,0,0
OMSFHR,0.683456754,2.420878574,0,2.717893252,1.048643993,3.652130912,0,0,0,0,0,0.100910574,0,0,0.677487728,0,0,0,0,0,0,0,0,0,0,0,0,0,0,0,0,0,0,0,0,0
OMSFSCH,0.302430653,1.681344391,0,0,11.33625056,0,0,1.336227348,0,0,0,0,0,0,0.360687562,0,0,0,0,0,0,0,0,0,0,0,0,0,0,0,0,0,0,0,0,0
OMSFSH14,1.859678861,2.506987665,0,0,10.01285793,0,0,0,0,0,0,0,0,0,0.204075895,0,0,0,0,0,0,0,0,0,0,0,0,0,0,0,0,0,0,0,0,0
OMSFSH17,0.392558365,2.275026862,0,0,2.645823153,2.796367618,0,0.188495559,0,0,0,0.035395277,0,0.161281513,6.127722286,0,0,0,0,0,0,0,0,0,0,0,0,0,0,0,0,0.038170351,0,0,0,0
OSFCD1,5.898091498,0.071680672,0,0,9.054479089,1.504606897,0,0,0,0,1.894815612,0,0,0,0.090176799,0,0,0,0,0,0,0,0,0,0,0,0,0,0,0,0,0,1.07240556,0,0,0
OSFCD3,16.61678184,2.325357795,0,0,11.1916244,2.898850625,0.093482016,4.027727949,0,0.222704558,1.187409122,0,0.45963464,0,0.682947882,0,0,0,0,0,0,0,0,0,0,0,0,0,0,0,0,0,0,0.057255526,0,0
PSFPMH,6.538344808,0.290397698,0,0,10.35676087,0,0.54427111,0.748589169,0,0.462651878,0,0.040320378,0,0,2.685453035,0,0,0,0,0,0,0,0,0,0,0,0,0,0,0,0,0,0,0,0,0
SSF1,1.617552762,0.777782606,0,8.65960941,1.260277943,3.298074823,0.075580548,0,0,1.403663598,1.977980395,0,0,0,0,0,0,0,0,0,0,0,0.531406007,0,0,0,0,0,0,0,0,0,0.347549907,0,0.047404389,0.373695251
SSFYL2,6.81555109,0.177774874,0,1.573473226,9.290173806,3.506894429,0,2.239867205,0,0,0,0,0,0,0.039597157,0,0,0,0,0,0,0,3.310989947,0,0,0,0,0,0,0,0,0,0,0,0,0
SW,8.474951783,0,0,0,17.27648194,0.69653527,0,0,0,0,0,0,0,0,2.500157974,0,0,0,0.447696588,0,0,0,0,0,0,0,0,0,0,0,0,0,0,0,0,0
TNCLP,3.792324484,0,0,0,16.54500136,0,0.227143694,0.580019816,0,0.365066156,0,0.052782029,0,0,1.244738279,0,0,0,0,0,0,0,0,0,0,0,0,0,0,0,0,0,0,0,0,0
TNCLPunh,11.53155945,0.486578706,0,0,20.53271818,0,0.299403597,0,0,0,0,0,0,0,6.144670524,0,0,0,0,0,0,0,0,0,0,0,0,0,0,0,0,0,0,0,0,0
TSF49,17.74722506,0.166209886,0,5.549991578,8.325971569,4.84364374,0.108978904,0,0,0,0,0.052076807,0,0,0,0,0,0,0,0,0,0,0,0,0,0,0,0,0,0,0,0,0,0,0,0
